File_Path,Size_Bytes,Size_MB
"D:\tilloal\Documents\LFRuns_utils\ChangingHydroExtremes\data\subspace_efas.csv",2414,0.002
"D:\tilloal\Documents\LFRuns_utils\ChangingHydroExtremes\data\GeoData\efas_rnet_100km_01min.nc",53877672,51.39
"D:\tilloal\Documents\LFRuns_utils\ChangingHydroExtremes\data\GeoData\upArea_European_01min.nc",53893073,51.40
"D:\tilloal\Documents\LFRuns_utils\ChangingHydroExtremes\data\GeoData\dem.nc",53893906,51.40
"D:\tilloal\Documents\LFRuns_utils\ChangingHydroExtremes\data\GeoData\hybas_eu_lev05_v1c.shp",18667608,17.80
"D:\tilloal\Documents\LFRuns_utils\ChangingHydroExtremes\data\GeoData\hybas_eu_lev10_v1c.shp",176410292,168.22
"D:\tilloal\Documents\LFRuns_utils\ChangingHydroExtremes\data\GeoData\HYBAS07\outletsv8_hybas07_01min.nc",326853,0.31
"D:\tilloal\Documents\LFRuns_utils\ChangingHydroExtremes\data\GeoData\HYBAS07\From_hybas_eu_onlyID.csv",22550778,21.51
"D:\tilloal\Documents\LFRuns_utils\ChangingHydroExtremes\data\GeoData\HYBAS07\hybas_eu_lev07_v1c.shp",49037696,46.78
"D:\tilloal\Documents\LFRuns_utils\ChangingHydroExtremes\data\GeoData\HER\her_all_adjusted.shp",4942536,4.71
"D:\tilloal\Documents\LFRuns_utils\ChangingHydroExtremes\data\GeoData\HER\HydroRegions_raster_WGS84.tif",53840538,51.35
"D:\tilloal\Documents\LFRuns_utils\ChangingHydroExtremes\data\GeoData\eea_3035_biogeo-regions_2016\BiogeoRegions2016_wag84.shp",48498660,46.26
"D:\tilloal\Documents\LFRuns_utils\ChangingHydroExtremes\data\GeoData\eea_3035_biogeo-regions_2016\Biogeo_rasterized_wsg84.tif",53840538,51.35
"D:\tilloal\Documents\LFRuns_utils\ChangingHydroExtremes\data\GeoData\NUTS3\NUTS3_modified.shp",13107114,12.50
"D:\tilloal\Documents\LFRuns_utils\ChangingHydroExtremes\data\RiverData\dis_42_1951_2020_h_RNetwork.nc",4058739574,3872.06
"D:\tilloal\Documents\LFRuns_utils\ChangingHydroExtremes\data\RiverData\dis_42_1951_2020_scf_RNetwork.nc",4068487058,3880.38
"D:\tilloal\Documents\LFRuns_utils\ChangingHydroExtremes\data\reservoirs\reservoirs_volumes_1951.nc",307728,0.29
"D:\tilloal\Documents\LFRuns_utils\ChangingHydroExtremes\data\reservoirs\reservoirs_volumes_2020_Domain2.nc",53877732,51.39
"D:\tilloal\Documents\LFRuns_utils\ChangingHydroExtremes\data\reservoirs\res_ratio_diff_2020-1951.nc",53877724,51.39
"D:\tilloal\Documents\LFRuns_utils\ChangingHydroExtremes\data\reservoirs\res_ratio_European_01min_1951.nc",53877728,51.39
"D:\tilloal\Documents\LFRuns_utils\ChangingHydroExtremes\data\Drought\catchment_frost.Rdata",438047257,417.78
"D:\tilloal\Documents\LFRuns_utils\ChangingHydroExtremes\data\Drought\IRES.nonfrost.Histo.Rdata",692965,0.66
"D:\tilloal\Documents\LFRuns_utils\ChangingHydroExtremes\data\Drought\IRES.nonfrost.RWCF.Rdata",693194,0.66
"D:\tilloal\Documents\LFRuns_utils\ChangingHydroExtremes\data\Drought\IRES.nonfrost.SocCF.Rdata",692714,0.66
"D:\tilloal\Documents\LFRuns_utils\ChangingHydroExtremes\data\Drought\IRES.nonfrost.WCF.Rdata",692877,0.66
"D:\tilloal\Documents\LFRuns_utils\ChangingHydroExtremes\data\Drought\params.Drought.nonfrost.SocCF.Rdata",964603173,920.01
"D:\tilloal\Documents\LFRuns_utils\ChangingHydroExtremes\data\Drought\peaks.Drought.nonfrost.SocCF.Rdata",142809871,136.22
"D:\tilloal\Documents\LFRuns_utils\ChangingHydroExtremes\data\Drought\RL100.Drought.nonfrost.SocCF.Rdata",148834397,141.96
"D:\tilloal\Documents\LFRuns_utils\ChangingHydroExtremes\data\Drought\RL100x.Drought.nonfrost.Histo.Rdata",132629580,126.52
"D:\tilloal\Documents\LFRuns_utils\ChangingHydroExtremes\data\Drought\RL100x.Drought.nonfrost.RWStat.Rdata",132600784,126.50
"D:\tilloal\Documents\LFRuns_utils\ChangingHydroExtremes\data\Drought\RL100x.Drought.nonfrost.SocCF.Rdata",132320889,126.20
"D:\tilloal\Documents\LFRuns_utils\ChangingHydroExtremes\data\Drought\RL100x.Drought.nonfrost.WStat.Rdata",132580307,126.45
"D:\tilloal\Documents\LFRuns_utils\ChangingHydroExtremes\data\Drought\outputs_drought_nonfrost_relxHR_FINAL.Rdata",758154005,722.97
"D:\tilloal\Documents\LFRuns_utils\ChangingHydroExtremes\data\Drought\Histo\Var_TrendX_agg.Rdata",299835668,286.03
"D:\tilloal\Documents\LFRuns_utils\ChangingHydroExtremes\data\Drought\SCF\Var_TrendX_agg.Rdata",299303445,285.49
"D:\tilloal\Documents\LFRuns_utils\ChangingHydroExtremes\data\Drought\RWStat\Var_TrendX_agg.Rdata",299678040,285.85
"D:\tilloal\Documents\LFRuns_utils\ChangingHydroExtremes\data\Drought\WStat\Var_TrendX_agg.Rdata",299765186,285.93
"D:\tilloal\Documents\LFRuns_utils\ChangingHydroExtremes\data\Drought\ResCat6h_RNetwork_42_1951_2020_revFt.Rdata",45995,0.04
"D:\tilloal\Documents\LFRuns_utils\ChangingHydroExtremes\data\Flood\params.Flood.year.SocCF.Rdata",1192660178,1137.64
"D:\tilloal\Documents\LFRuns_utils\ChangingHydroExtremes\data\Flood\peaks.Flood.year.SocCF.Rdata",392150628,374.08
"D:\tilloal\Documents\LFRuns_utils\ChangingHydroExtremes\data\Flood\RL100x.Flood.year.Histo.Rdata",147528367,140.72
"D:\tilloal\Documents\LFRuns_utils\ChangingHydroExtremes\data\Flood\RL100x.Flood.year.RWStat.Rdata",147511755,140.70
"D:\tilloal\Documents\LFRuns_utils\ChangingHydroExtremes\data\Flood\RL100x.Flood.year.SocCF.Rdata",147523555,140.71
"D:\tilloal\Documents\LFRuns_utils\ChangingHydroExtremes\data\Flood\RL100x.Flood.year.WStat.Rdata",147526751,140.71
"D:\tilloal\Documents\LFRuns_utils\ChangingHydroExtremes\data\Flood\outputs_flood_year_relxHR_FINAL.Rdata",909748615,867.32
"D:\tilloal\Documents\LFRuns_utils\ChangingHydroExtremes\data\Flood\Histo\Var_TrendX_agg.Rdata",299186843,285.36
"D:\tilloal\Documents\LFRuns_utils\ChangingHydroExtremes\data\Flood\SCF\Var_TrendX_agg.Rdata",298886563,285.04
"D:\tilloal\Documents\LFRuns_utils\ChangingHydroExtremes\data\Flood\RWStat\Var_TrendX_agg.Rdata",299043346,285.19
"D:\tilloal\Documents\LFRuns_utils\ChangingHydroExtremes\data\Flood\WStat\Var_TrendX_agg.Rdata",299179822,285.32
"D:\tilloal\Documents\LFRuns_utils\ChangingHydroExtremes\data\Thresholds\trenTH_SCF_high_42.csv",223093,0.21
"D:\tilloal\Documents\LFRuns_utils\ChangingHydroExtremes\data\Thresholds\trenTH_SCF_low_42.csv",232421,0.22
"D:\tilloal\Documents\LFRuns_utils\ChangingHydroExtremes\data\Thresholds\xtrempoints_SCF_high_42.csv",1050029751,1001.24
"D:\tilloal\Documents\LFRuns_utils\ChangingHydroExtremes\data\Thresholds\xtrempoints_SCF_low_42.csv",513229939,489.48
"D:\tilloal\Documents\LFRuns_utils\ChangingHydroExtremes\data\TrendVar\Flood_pixChange_RL100.Rdata",752910720,718.08
"D:\tilloal\Documents\LFRuns_utils\ChangingHydroExtremes\data\Trajectories\CLchanges_bivariate_F.Rdata",158195194,150.86
"D:\tilloal\Documents\LFRuns_utils\ChangingHydroExtremes\data\Trajectories\SEchanges_bivariate_F.Rdata",158307657,151.02
"D:\tilloal\Documents\LFRuns_utils\ChangingHydroExtremes\data\Trajectories\rast_delta_ai.tiff",186794,0.18
"D:\tilloal\Documents\LFRuns_utils\ChangingHydroExtremes\data\Trajectories\Drivers_res_bvHR_F.csv",111862,0.11
"D:\tilloal\Documents\LFRuns_utils\ChangingHydroExtremes\data\Trajectories\Histo_res_bvHR_F.csv",29071,0.03
"D:\tilloal\Documents\LFRuns_utils\ChangingHydroExtremes\data\landuse\fracforest_ch20201951.tif",53840562,51.35
"D:\tilloal\Documents\LFRuns_utils\ChangingHydroExtremes\data\landuse\fracsealed_ch20201951.tif",53840562,51.35
"D:\tilloal\Documents\LFRuns_utils\ChangingHydroExtremes\data\wateruse\all_demands_1951.tif",53840562,51.35
"D:\tilloal\Documents\LFRuns_utils\ChangingHydroExtremes\data\wateruse\all_demands_2020.tif",53840562,51.35
"D:\tilloal\Documents\LFRuns_utils\ChangingHydroExtremes\data\wateruse\all_ysum_ch20201951.tif",53840562,51.35
"D:\tilloal\Documents\LFRuns_utils\ChangingHydroExtremes\data\meteo\sums\pr6\pr6_ysum*.nc",Variable,Yearly precip files
"D:\tilloal\Documents\LFRuns_utils\ChangingHydroExtremes\data\meteo\sums\et\et_ysum*.nc",Variable,Yearly ET files