"","V1","V2","V3"
"result.1",1029,0.65,0.85
"result.2",1191,0.7,0.9
"result.3",1245,0.6,0.8
"result.4",1285,0.7,0.95
"result.5",1328,0.65,0.9
"result.6",1387,0.65,0.9
"result.7",1703,0.65,0.9
"result.8",1933,0.85,0.95
"result.9",1935,0.4,0.85
"result.10",2086,0.65,0.95
"result.11",2130,0.85,0.95
"result.12",2173,0.7,0.9
"result.13",2211,0.4,0.9
"result.14",2228,0.85,0.95
"result.15",2298,0.4,0.9
"result.16",2317,0.85,0.95
"result.17",2321,0.85,0.95
"result.18",2368,0.5,0.95
"result.19",2606,0.6,0.95
"result.20",2703,0.6,0.95
"result.21",2720,0.85,0.9
"result.22",2829,0.8,0.95
"result.23",2954,0.8,0.95
"result.24",2957,0.8,0.95
"result.25",3022,0.8,0.95
"result.26",3140,0.75,0.9
"result.27",3637,0.7,0.9
"result.28",3711,0.75,0.9
"result.29",3850,0.5,0.95
"result.30",3936,0.4,0.7
"result.31",3955,0.75,0.9
"result.32",4090,0.85,0.95
"result.33",4231,0.85,0.9
"result.34",4246,0.5,0.95
"result.35",4759,0.7,0.9
"result.36",4839,0.75,0.9
"result.37",5034,0.85,0.9
"result.38",5320,0.4,0.55
"result.39",5806,0.85,0.95
"result.40",5811,0.85,0.95
"result.41",5940,0.4,0.8
"result.42",6460,0.85,0.95
"result.43",6855,0.75,0.95
"result.44",6957,0.4,0.9
"result.45",6975,0.7,0.9
"result.46",7001,0.85,0.95
"result.47",7123,0.8,0.9
"result.48",7182,0.55,0.55
"result.49",7211,0.7,0.85
"result.50",7402,0.6,0.85
"result.51",7646,0.4,0.9
"result.52",8292,0.85,0.95
"result.53",9833,0.45,0.8
"result.54",9941,0.5,0.95
"result.55",9967,0.4,0.75
"result.56",10058,0.5,0.9
"result.57",10395,0.8,0.95
"result.58",10424,0.4,0.8
"result.59",10511,NA,0.95
"result.60",10780,0.45,0.9
"result.61",12233,0.4,0.9
"result.62",12237,0.4,0.95
"result.63",12885,0.85,0.9
"result.64",13415,0.55,0.85
"result.65",13419,0.4,0.55
"result.66",14456,0.75,0.9
"result.67",14586,0.75,0.95
"result.68",15006,0.5,0.5
"result.69",15075,0.85,0.95
"result.70",15846,0.65,0.95
"result.71",15968,0.4,0.9
"result.72",15979,0.7,0.9
"result.73",16098,0.7,0.85
"result.74",16128,0.7,0.9
"result.75",16170,0.8,0.9
"result.76",16304,0.7,0.7
"result.77",16561,0.7,0.7
"result.78",16759,0.75,0.9
"result.79",16926,0.75,0.9
"result.80",17149,0.7,0.75
"result.81",17152,0.8,0.8
"result.82",17735,0.7,0.7
"result.83",17739,0.7,0.7
"result.84",17773,0.8,0.95
"result.85",18053,0.75,0.75
"result.86",18082,0.45,0.7
"result.87",18176,0.75,0.9
"result.88",18316,0.45,0.7
"result.89",18583,0.6,0.6
"result.90",18596,0.7,0.7
"result.91",18725,0.7,0.7
"result.92",18876,0.7,0.7
"result.93",19014,0.6,0.6
"result.94",19106,0.8,0.9
"result.95",19823,0.75,0.9
"result.96",20219,0.7,0.7
"result.97",20225,0.75,0.9
"result.98",20243,0.65,0.85
"result.99",20486,0.5,0.5
"result.100",21033,0.7,0.7
"result.101",22585,0.7,0.7
"result.102",22740,0.85,0.95
"result.103",23253,0.6,0.6
"result.104",23384,0.7,0.75
"result.105",23610,0.7,0.75
"result.106",23886,0.65,0.75
"result.107",23916,0.75,0.9
"result.108",24021,0.7,0.85
"result.109",24405,0.75,0.9
"result.110",24511,0.65,0.9
"result.111",24758,0.75,0.85
"result.112",24827,0.8,0.8
"result.113",24895,0.75,0.85
"result.114",24955,0.8,0.9
"result.115",26187,0.6,0.95
"result.116",26223,0.7,0.75
"result.117",26624,0.75,0.9
"result.118",26999,0.85,0.9
"result.119",27102,0.65,0.9
"result.120",27232,0.65,0.85
"result.121",27429,0.6,0.95
"result.122",27976,0.85,0.95
"result.123",28310,0.8,0.9
"result.124",28673,0.85,0.95
"result.125",28858,0.8,0.9
"result.126",29118,0.8,0.85
"result.127",29280,0.75,0.95
"result.128",29282,0.8,0.9
"result.129",29443,0.6,0.95
"result.130",29778,0.8,0.8
"result.131",29860,0.8,0.9
"result.132",29934,0.65,0.75
"result.133",30041,0.8,0.9
"result.134",30095,0.65,0.75
"result.135",30246,0.7,0.75
"result.136",30738,0.8,0.9
"result.137",30765,0.85,0.9
"result.138",31246,0.7,0.75
"result.139",31306,0.8,0.95
"result.140",31362,0.65,0.9
"result.141",31365,0.8,0.95
"result.142",31428,0.7,0.75
"result.143",31434,0.65,0.65
"result.144",31719,0.8,0.9
"result.145",31748,0.65,0.65
"result.146",31806,0.75,0.95
"result.147",31811,0.8,0.9
"result.148",31853,0.8,0.95
"result.149",31914,0.75,0.75
"result.150",32075,0.8,0.9
"result.151",32384,0.85,0.95
"result.152",32960,0.85,0.95
"result.153",33485,0.7,0.7
"result.154",33560,0.85,0.9
"result.155",34133,0.7,0.85
"result.156",34517,0.8,0.95
"result.157",34581,0.9,0.9
"result.158",34900,0.75,0.85
"result.159",34904,0.75,0.85
"result.160",35014,0.9,0.9
"result.161",35081,0.8,0.9
"result.162",35085,0.7,0.85
"result.163",35446,0.8,0.9
"result.164",36268,0.5,0.85
"result.165",36295,0.7,0.75
"result.166",36459,0.65,0.75
"result.167",37209,0.9,0.95
"result.168",37790,0.9,0.9
"result.169",37888,0.6,0.8
"result.170",38119,0.65,0.65
"result.171",38122,0.6,0.85
"result.172",38299,0.6,0.85
"result.173",38461,0.6,0.9
"result.174",38622,0.65,0.75
"result.175",38792,0.7,0.8
"result.176",38990,0.6,0.85
"result.177",39204,0.6,0.8
"result.178",39393,0.75,0.85
"result.179",39577,0.45,0.95
"result.180",39598,0.65,0.9
"result.181",39683,0.7,0.9
"result.182",39876,0.6,0.85
"result.183",40046,0.75,0.9
"result.184",40079,0.6,0.9
"result.185",40251,0.45,0.7
"result.186",40256,0.7,0.75
"result.187",40464,0.65,0.85
"result.188",41574,0.8,0.95
"result.189",41742,0.65,0.75
"result.190",41745,0.65,0.75
"result.191",41755,0.6,0.85
"result.192",42891,0.8,0.95
"result.193",42980,0.55,0.95
"result.194",43123,0.75,0.95
"result.195",43141,0.75,0.9
"result.196",43440,0.7,0.95
"result.197",43461,0.75,0.95
"result.198",44146,0.75,0.85
"result.199",44432,0.7,0.85
"result.200",45479,0.7,0.85
"result.201",45872,0.55,0.85
"result.202",45955,0.75,0.9
"result.203",45973,0.75,0.9
"result.204",46256,0.55,0.8
"result.205",46573,0.8,0.95
"result.206",46820,0.75,0.8
"result.207",48276,0.9,0.95
"result.208",48323,0.8,0.9
"result.209",48388,0.7,0.9
"result.210",48392,0.6,0.7
"result.211",48877,0.7,0.9
"result.212",49060,0.7,0.9
"result.213",49107,0.75,0.95
"result.214",49225,0.7,0.9
"result.215",49554,0.7,0.9
"result.216",49581,0.8,0.9
"result.217",49775,0.7,0.9
"result.218",50082,0.7,0.9
"result.219",50267,0.7,0.85
"result.220",50370,0.75,0.85
"result.221",50682,0.85,0.95
"result.222",50683,0.75,0.9
"result.223",50708,0.7,0.9
"result.224",50724,0.7,0.75
"result.225",51020,0.75,0.9
"result.226",51348,0.75,0.85
"result.227",51687,0.85,0.95
"result.228",51708,0.8,0.95
"result.229",51980,0.7,0.95
"result.230",53289,0.75,0.9
"result.231",53470,0.4,0.8
"result.232",53587,0.75,0.95
"result.233",53660,0.4,0.8
"result.234",53773,0.75,0.95
"result.235",54033,0.65,0.9
"result.236",54144,0.8,0.95
"result.237",54531,0.7,0.8
"result.238",54532,0.7,0.9
"result.239",54534,0.75,0.9
"result.240",54582,0.65,0.95
"result.241",54586,0.4,0.95
"result.242",54813,0.75,0.95
"result.243",55097,0.75,0.9
"result.244",55199,0.8,0.95
"result.245",55270,0.75,0.95
"result.246",55428,0.75,0.85
"result.247",55647,0.8,0.95
"result.248",55648,0.8,0.9
"result.249",55687,0.7,0.7
"result.250",56038,NA,0.65
"result.251",56217,0.6,0.85
"result.252",56387,0.7,0.8
"result.253",56506,0.6,0.7
"result.254",56563,0.7,0.95
"result.255",56651,0.8,0.9
"result.256",56688,NA,0.7
"result.257",56784,0.65,0.85
"result.258",56819,0.8,0.9
"result.259",56837,0.45,0.65
"result.260",56958,0.65,0.9
"result.261",57038,0.75,0.85
"result.262",57176,0.75,0.9
"result.263",57292,0.6,0.8
"result.264",57326,0.75,0.95
"result.265",57801,0.55,0.75
"result.266",57820,0.7,0.9
"result.267",57827,0.75,0.9
"result.268",57975,0.8,0.85
"result.269",58115,0.7,0.9
"result.270",58134,0.75,0.9
"result.271",58175,0.6,0.85
"result.272",58276,0.75,0.85
"result.273",58570,0.45,0.85
"result.274",58696,0.55,0.85
"result.275",58775,0.9,0.95
"result.276",59051,0.75,0.85
"result.277",59928,0.5,0.85
"result.278",60030,0.75,0.9
"result.279",60492,0.6,0.85
"result.280",60791,0.55,0.85
"result.281",61252,0.55,0.8
"result.282",61677,0.5,0.85
"result.283",61912,0.5,0.85
"result.284",62010,0.9,0.95
"result.285",62434,0.8,0.85
"result.286",62833,0.7,0.85
"result.287",63299,0.75,0.95
"result.288",63396,0.75,0.8
"result.289",63670,0.6,0.8
"result.290",63806,0.45,0.85
"result.291",63821,0.7,0.9
"result.292",63943,0.7,0.8
"result.293",64161,0.75,0.85
"result.294",64195,0.55,0.85
"result.295",64694,0.7,0.9
"result.296",64842,0.75,0.8
"result.297",65034,0.8,0.85
"result.298",65087,0.4,0.8
"result.299",65213,0.75,0.8
"result.300",65505,0.65,0.85
"result.301",65765,0.7,0.85
"result.302",65987,0.7,0.85
"result.303",66125,0.45,0.8
"result.304",66214,0.8,0.85
"result.305",66252,0.5,0.8
"result.306",66552,0.75,0.95
"result.307",66559,0.5,0.8
"result.308",66841,0.65,0.9
"result.309",66909,0.75,0.95
"result.310",66922,0.55,0.9
"result.311",66994,0.8,0.95
"result.312",67323,0.45,0.6
"result.313",67349,0.65,0.8
"result.314",67609,NA,0.8
"result.315",67710,0.65,0.8
"result.316",67812,0.65,0.9
"result.317",67826,0.65,0.8
"result.318",67869,0.7,0.8
"result.319",67887,NA,0.8
"result.320",68171,0.7,0.85
"result.321",68723,0.5,0.75
"result.322",69442,0.8,0.9
"result.323",70130,0.8,0.95
"result.324",70289,0.65,0.8
"result.325",70623,0.8,0.9
"result.326",70798,0.8,0.9
"result.327",70809,0.55,0.85
"result.328",70942,0.85,0.85
"result.329",71132,0.75,0.85
"result.330",71678,0.75,0.85
"result.331",71696,0.7,0.8
"result.332",71698,0.6,0.8
"result.333",71873,0.75,0.95
"result.334",71875,0.7,0.8
"result.335",71903,0.55,0.85
"result.336",72030,0.75,0.95
"result.337",72304,0.8,0.85
"result.338",72335,0.7,0.8
"result.339",72737,0.4,0.9
"result.340",73267,0.7,0.8
"result.341",73593,0.7,0.85
"result.342",73938,0.6,0.8
"result.343",73943,0.55,0.8
"result.344",74125,0.8,0.9
"result.345",74232,0.55,0.8
"result.346",74422,0.65,0.85
"result.347",74697,0.7,0.85
"result.348",74745,0.5,0.8
"result.349",75280,0.85,0.95
"result.350",75477,0.8,0.95
"result.351",76069,0.5,0.75
"result.352",76375,0.7,0.9
"result.353",76395,0.65,0.8
"result.354",76499,0.75,0.8
"result.355",76554,0.75,0.85
"result.356",76574,0.65,0.8
"result.357",76713,0.7,0.75
"result.358",77048,0.4,0.4
"result.359",77055,0.7,0.75
"result.360",77393,0.75,0.9
"result.361",77552,0.7,0.9
"result.362",78307,0.55,0.8
"result.363",78448,0.65,0.75
"result.364",78472,0.8,0.85
"result.365",78773,0.7,0.75
"result.366",78870,0.7,0.85
"result.367",79493,0.4,0.95
"result.368",82029,0.85,0.95
"result.369",82130,0.8,0.9
"result.370",82986,0.7,0.9
"result.371",83117,0.5,0.8
"result.372",83490,0.7,0.85
"result.373",83547,0.6,0.8
"result.374",84132,0.9,0.9
"result.375",84332,0.7,0.85
"result.376",84534,0.85,0.9
"result.377",84536,0.65,0.85
"result.378",86196,0.75,0.9
"result.379",86542,0.65,0.85
"result.380",86544,0.6,0.75
"result.381",86845,0.65,0.85
"result.382",86849,0.7,0.8
"result.383",86906,0.85,0.9
"result.384",87375,0.8,0.95
"result.385",87945,0.75,0.9
"result.386",87949,0.8,0.9
"result.387",88079,0.8,0.95
"result.388",88107,0.75,0.9
"result.389",88113,0.7,0.75
"result.390",88275,0.8,0.95
"result.391",88483,0.75,0.9
"result.392",88495,0.7,0.85
"result.393",88610,0.8,0.85
"result.394",88613,0.7,0.8
"result.395",89929,0.7,0.85
"result.396",91185,0.7,0.9
"result.397",91459,0.75,0.9
"result.398",91769,0.75,0.85
"result.399",92035,0.75,0.85
"result.400",92056,0.75,0.85
"result.401",92163,0.85,0.9
"result.402",92287,0.8,0.9
"result.403",92301,0.45,0.75
"result.404",92323,0.75,0.9
"result.405",92327,0.75,0.85
"result.406",92338,NA,0.4
"result.407",92386,0.7,0.9
"result.408",92421,0.85,0.9
"result.409",92467,0.75,0.9
"result.410",92485,0.5,0.9
"result.411",92652,0.7,0.85
"result.412",92859,0.7,0.9
"result.413",92861,0.5,0.75
"result.414",92964,0.75,0.95
"result.415",93118,0.65,0.85
"result.416",93120,0.7,0.9
"result.417",93174,0.7,0.9
"result.418",93175,0.75,0.9
"result.419",93316,0.75,0.9
"result.420",93357,0.7,0.9
"result.421",93494,0.7,0.85
"result.422",93729,0.7,0.85
"result.423",94033,0.75,0.85
"result.424",94135,NA,0.4
"result.425",94672,0.75,0.9
"result.426",94769,0.75,0.9
"result.427",95098,0.75,0.9
"result.428",95947,0.7,0.85
"result.429",95950,0.7,0.85
"result.430",95960,0.75,0.9
"result.431",96146,0.75,0.9
"result.432",96150,0.75,0.85
"result.433",96289,0.75,0.9
"result.434",96654,0.7,0.9
"result.435",97797,0.6,0.8
"result.436",97972,0.75,0.9
"result.437",98045,0.6,0.7
"result.438",98515,0.75,0.9
"result.439",98661,0.75,0.9
"result.440",99150,0.8,0.9
"result.441",99281,0.75,0.9
"result.442",99708,0.5,0.7
"result.443",99970,0.75,0.9
"result.444",100145,0.55,0.8
"result.445",100742,0.85,0.95
"result.446",100777,0.6,0.8
"result.447",101076,0.4,0.65
"result.448",101078,0.6,0.85
"result.449",101097,0.6,0.85
"result.450",101387,0.8,0.95
"result.451",101391,0.85,0.95
"result.452",101590,0.8,0.9
"result.453",101764,0.75,0.95
"result.454",101798,0.6,0.85
"result.455",101817,0.6,0.8
"result.456",101981,0.45,0.75
"result.457",102131,0.55,0.65
"result.458",102245,0.75,0.9
"result.459",102251,0.75,0.9
"result.460",102279,0.55,0.75
"result.461",102289,0.5,0.75
"result.462",103018,0.85,0.95
"result.463",103022,0.8,0.95
"result.464",103175,0.75,0.9
"result.465",103499,0.85,0.95
"result.466",103700,0.75,0.95
"result.467",103837,0.7,0.85
"result.468",104128,0.9,0.95
"result.469",104407,0.8,0.95
"result.470",104505,0.85,0.9
"result.471",104518,0.8,0.95
"result.472",104884,0.75,0.95
"result.473",105853,0.9,0.95
"result.474",106644,NA,0.8
"result.475",107082,0.75,0.9
"result.476",107391,0.4,0.8
"result.477",107394,0.4,0.8
"result.478",107843,0.9,0.95
"result.479",108048,NA,0.6
"result.480",108154,0.9,0.95
"result.481",108198,0.85,0.95
"result.482",108226,0.8,0.85
"result.483",108458,0.85,0.95
"result.484",108506,0.8,0.85
"result.485",108514,0.8,0.9
"result.486",108850,0.75,0.85
"result.487",109568,0.85,0.9
"result.488",109598,0.55,0.85
"result.489",110360,0.85,0.9
"result.490",111241,0.65,0.75
"result.491",111400,0.75,0.9
"result.492",111402,0.8,0.9
"result.493",111478,0.6,0.85
"result.494",111539,0.8,0.85
"result.495",112347,0.9,0.9
"result.496",112353,0.65,0.75
"result.497",112392,0.75,0.85
"result.498",112485,0.65,0.8
"result.499",112529,0.65,0.85
"result.500",112882,0.85,0.9
"result.501",113271,0.85,0.9
"result.502",113281,0.75,0.85
"result.503",113501,0.8,0.85
"result.504",113716,0.8,0.9
"result.505",113874,0.75,0.85
"result.506",114092,0.75,0.8
"result.507",114376,0.4,0.8
"result.508",114393,0.8,0.9
"result.509",114521,0.4,0.8
"result.510",114570,0.6,0.8
"result.511",114655,0.6,0.85
"result.512",115046,0.85,0.95
"result.513",115058,0.8,0.95
"result.514",115084,0.45,0.7
"result.515",115280,0.6,0.75
"result.516",115281,0.75,0.8
"result.517",116276,0.75,0.9
"result.518",116452,0.75,0.8
"result.519",116738,0.9,0.95
"result.520",116791,0.7,0.85
"result.521",116854,0.8,0.95
"result.522",116856,0.8,0.85
"result.523",117092,0.65,0.8
"result.524",117178,0.7,0.85
"result.525",117228,0.8,0.85
"result.526",117417,0.8,0.9
"result.527",117443,0.75,0.8
"result.528",117746,0.7,0.85
"result.529",118112,0.65,0.85
"result.530",118114,0.75,0.9
"result.531",118189,0.75,0.85
"result.532",118277,0.75,0.85
"result.533",118279,0.85,0.95
"result.534",118282,0.85,0.95
"result.535",118444,0.7,0.8
"result.536",118632,0.8,0.9
"result.537",118890,0.55,0.8
"result.538",119027,0.8,0.95
"result.539",119500,0.7,0.75
"result.540",119667,0.7,0.85
"result.541",119697,0.85,0.9
"result.542",119700,0.85,0.9
"result.543",119884,0.85,0.9
"result.544",119913,0.8,0.9
"result.545",120013,0.85,0.95
"result.546",120019,0.75,0.9
"result.547",120110,0.65,0.85
"result.548",120288,0.85,0.9
"result.549",120793,0.75,0.85
"result.550",121146,0.8,0.9
"result.551",121501,0.8,0.9
"result.552",121648,0.6,0.9
"result.553",121661,0.85,0.9
"result.554",121799,0.6,0.85
"result.555",122093,0.65,0.85
"result.556",122109,0.6,0.85
"result.557",122506,0.85,0.95
"result.558",122675,0.85,0.95
"result.559",122803,0.9,0.95
"result.560",123016,0.8,0.95
"result.561",123568,0.8,0.9
"result.562",123977,0.8,0.9
"result.563",124239,0.9,0.95
"result.564",124545,0.7,0.9
"result.565",124739,0.75,0.85
"result.566",125056,0.65,0.85
"result.567",125357,0.75,0.85
"result.568",125598,0.85,0.95
"result.569",125904,0.85,0.9
"result.570",126087,0.6,0.85
"result.571",126199,0.5,0.8
"result.572",126929,0.85,0.9
"result.573",127127,0.75,0.9
"result.574",128458,0.75,0.9
"result.575",128605,0.8,0.9
"result.576",128986,0.9,0.95
"result.577",129007,0.8,0.9
"result.578",129157,0.8,0.9
"result.579",129852,0.55,0.85
"result.580",130029,0.55,0.85
"result.581",130323,0.7,0.9
"result.582",130926,0.75,0.9
"result.583",131640,0.65,0.85
"result.584",131715,0.85,0.85
"result.585",131748,0.45,0.85
"result.586",131785,0.4,0.75
"result.587",131860,0.9,0.95
"result.588",132178,0.85,0.9
"result.589",132324,0.9,0.9
"result.590",132342,0.85,0.9
"result.591",132521,0.75,0.9
"result.592",132523,0.9,0.9
"result.593",132525,0.9,0.95
"result.594",132843,0.8,0.95
"result.595",132967,0.9,0.95
"result.596",133028,0.5,0.7
"result.597",133120,0.9,0.95
"result.598",133154,0.45,0.75
"result.599",133272,0.75,0.9
"result.600",133302,0.8,0.85
"result.601",133335,0.45,0.85
"result.602",133437,0.9,0.95
"result.603",133498,0.45,0.8
"result.604",133516,0.45,0.85
"result.605",133725,0.85,0.95
"result.606",134786,0.8,0.95
"result.607",134949,0.8,0.95
"result.608",135251,0.75,0.9
"result.609",135633,0.7,0.9
"result.610",135784,0.9,0.95
"result.611",135980,0.85,0.95
"result.612",136096,0.9,0.95
"result.613",136426,0.85,0.95
"result.614",136602,0.65,0.85
"result.615",137201,0.8,0.95
"result.616",137419,0.9,0.95
"result.617",138008,0.65,0.8
"result.618",138027,0.55,0.7
"result.619",138028,NA,0.65
"result.620",138141,0.8,0.9
"result.621",138522,0.5,0.8
"result.622",138671,0.7,0.9
"result.623",138682,0.65,0.85
"result.624",138824,0.7,0.9
"result.625",138841,0.75,0.9
"result.626",139309,0.85,0.95
"result.627",139311,0.9,0.95
"result.628",139393,0.8,0.85
"result.629",139569,0.55,0.8
"result.630",139710,0.9,0.95
"result.631",140048,0.9,0.95
"result.632",140307,0.7,0.9
"result.633",140671,0.65,0.85
"result.634",140876,0.65,0.85
"result.635",140884,0.6,0.8
"result.636",140930,0.45,0.8
"result.637",140935,0.6,0.85
"result.638",141021,0.85,0.95
"result.639",141067,0.85,0.95
"result.640",141092,0.6,0.8
"result.641",141222,0.9,0.95
"result.642",141254,0.9,0.9
"result.643",141467,0.65,0.85
"result.644",142137,0.8,0.9
"result.645",143512,0.7,0.9
"result.646",143972,0.7,0.9
"result.647",144222,0.85,0.95
"result.648",144520,0.55,0.75
"result.649",144714,0.7,0.85
"result.650",144736,0.85,0.9
"result.651",144774,0.45,0.85
"result.652",144989,0.7,0.9
"result.653",145018,0.55,0.75
"result.654",145064,0.7,0.9
"result.655",145213,0.4,0.55
"result.656",145456,0.65,0.9
"result.657",145702,0.75,0.9
"result.658",145774,0.55,0.8
"result.659",145902,0.85,0.95
"result.660",146153,0.75,0.95
"result.661",146411,0.9,0.95
"result.662",146621,0.85,0.95
"result.663",146629,0.85,0.95
"result.664",146647,0.8,0.95
"result.665",146858,0.85,0.95
"result.666",146862,0.85,0.95
"result.667",147111,0.8,0.95
"result.668",147327,0.85,0.95
"result.669",147361,0.75,0.9
"result.670",147407,0.45,0.85
"result.671",147599,0.75,0.9
"result.672",148063,0.8,0.95
"result.673",148064,0.85,0.95
"result.674",148506,0.85,0.95
"result.675",148987,0.55,0.9
"result.676",149014,0.45,0.85
"result.677",149015,0.45,0.85
"result.678",149157,0.65,0.95
"result.679",149182,0.75,0.9
"result.680",149202,0.55,0.9
"result.681",149234,0.55,0.85
"result.682",149391,0.8,0.9
"result.683",149661,0.45,0.85
"result.684",149865,0.65,0.8
"result.685",151194,0.6,0.85
"result.686",151211,0.55,0.9
"result.687",151242,0.45,0.85
"result.688",151502,NA,0.75
"result.689",151744,0.55,0.85
"result.690",152248,0.85,0.95
"result.691",152254,0.8,0.9
"result.692",152282,0.55,0.85
"result.693",152307,0.6,0.8
"result.694",152545,0.55,0.9
"result.695",152730,0.6,0.9
"result.696",152746,0.85,0.95
"result.697",152791,0.55,0.9
"result.698",152966,0.75,0.9
"result.699",153010,0.5,0.8
"result.700",153186,0.85,0.95
"result.701",153210,0.8,0.9
"result.702",153357,NA,0.4
"result.703",153359,0.4,0.7
"result.704",153664,0.6,0.9
"result.705",153666,0.85,0.95
"result.706",153815,NA,0.65
"result.707",153945,0.85,0.95
"result.708",154004,0.45,0.7
"result.709",154266,NA,0.75
"result.710",154281,0.75,0.95
"result.711",154391,0.4,0.65
"result.712",154566,0.65,0.9
"result.713",154574,0.45,0.9
"result.714",155115,0.65,0.95
"result.715",155300,0.85,0.95
"result.716",155449,NA,0.65
"result.717",155624,0.45,0.9
"result.718",155701,0.55,0.85
"result.719",155958,NA,0.5
"result.720",156006,NA,0.55
"result.721",156168,0.6,0.9
"result.722",156202,NA,0.65
"result.723",156211,0.55,0.8
"result.724",156241,NA,0.55
"result.725",156700,NA,0.65
"result.726",156905,0.6,0.9
"result.727",157276,0.85,0.95
"result.728",157356,0.8,0.95
"result.729",157411,0.45,0.75
"result.730",158116,0.6,0.75
"result.731",158118,0.5,0.75
"result.732",158449,0.55,0.8
"result.733",158641,0.55,0.9
"result.734",158845,0.85,0.95
"result.735",158855,0.8,0.95
"result.736",158878,0.45,0.9
"result.737",158929,NA,0.75
"result.738",159082,0.85,0.95
"result.739",159409,0.4,0.8
"result.740",159581,0.8,0.95
"result.741",159682,NA,0.6
"result.742",160142,0.75,0.9
"result.743",160148,0.8,0.95
"result.744",160188,0.45,0.85
"result.745",160218,0.5,0.85
"result.746",160383,0.85,0.95
"result.747",160405,0.85,0.95
"result.748",160496,0.65,0.9
"result.749",160588,0.4,0.65
"result.750",161077,0.8,0.95
"result.751",161142,0.55,0.85
"result.752",161190,NA,0.6
"result.753",161219,NA,0.5
"result.754",161353,0.85,0.95
"result.755",161506,NA,0.75
"result.756",161663,0.85,0.95
"result.757",161684,0.7,0.9
"result.758",161701,0.75,0.9
"result.759",161751,0.5,0.85
"result.760",161779,NA,0.65
"result.761",161968,0.85,0.95
"result.762",162212,0.9,0.95
"result.763",162214,0.4,0.85
"result.764",162243,0.85,0.95
"result.765",162248,0.8,0.95
"result.766",162376,0.45,0.75
"result.767",162397,0.5,0.8
"result.768",162544,0.85,0.95
"result.769",162599,0.5,0.8
"result.770",162903,NA,0.75
"result.771",162905,0.7,0.95
"result.772",162908,0.65,0.9
"result.773",162999,NA,0.45
"result.774",163015,0.45,0.8
"result.775",163025,NA,0.75
"result.776",163149,0.4,0.85
"result.777",163154,0.9,0.95
"result.778",163444,0.9,0.95
"result.779",163462,0.8,0.95
"result.780",163903,0.5,0.85
"result.781",163952,0.5,0.8
"result.782",164008,0.4,0.7
"result.783",164186,0.55,0.9
"result.784",164208,NA,0.75
"result.785",164214,NA,0.7
"result.786",164228,NA,0.6
"result.787",164319,0.45,0.8
"result.788",164356,0.65,0.9
"result.789",164533,NA,0.75
"result.790",164652,0.65,0.85
"result.791",164822,NA,0.7
"result.792",164890,NA,0.75
"result.793",164910,0.4,0.8
"result.794",165167,0.65,0.85
"result.795",165199,0.55,0.8
"result.796",165215,NA,0.55
"result.797",165418,0.5,0.85
"result.798",165638,NA,0.65
"result.799",165696,0.5,0.85
"result.800",165730,0.4,0.7
"result.801",166225,NA,0.75
"result.802",166430,0.85,0.95
"result.803",166606,0.6,0.8
"result.804",166608,NA,0.6
"result.805",167102,0.6,0.9
"result.806",167152,0.45,0.85
"result.807",167200,NA,0.65
"result.808",167388,0.75,0.95
"result.809",167449,0.5,0.85
"result.810",167759,0.5,0.9
"result.811",167804,0.7,0.8
"result.812",168168,0.6,0.75
"result.813",168313,0.85,0.95
"result.814",168430,0.5,0.9
"result.815",168776,0.4,0.75
"result.816",169123,0.85,0.95
"result.817",169180,0.5,0.85
"result.818",169986,0.85,0.95
"result.819",170289,0.85,0.95
"result.820",170294,0.8,0.95
"result.821",170734,0.45,0.75
"result.822",170738,0.55,0.8
"result.823",170746,0.4,0.8
"result.824",171227,0.8,0.95
"result.825",171362,0.5,0.8
"result.826",171854,0.8,0.9
"result.827",171976,0.5,0.8
"result.828",172626,0.4,0.8
"result.829",172679,0.45,0.75
"result.830",172803,0.9,0.95
"result.831",173172,0.55,0.85
"result.832",173318,0.55,0.8
"result.833",173335,0.5,0.8
"result.834",173336,0.6,0.8
"result.835",173380,NA,0.5
"result.836",173383,0.5,0.75
"result.837",173932,0.85,0.95
"result.838",174057,0.7,0.9
"result.839",174330,0.55,0.85
"result.840",174332,0.7,0.9
"result.841",174415,0.75,0.9
"result.842",174458,0.65,0.8
"result.843",174494,0.55,0.8
"result.844",174645,0.8,0.95
"result.845",175025,0.55,0.8
"result.846",175222,0.85,0.95
"result.847",175231,0.8,0.9
"result.848",175248,0.65,0.9
"result.849",175283,0.7,0.95
"result.850",175325,0.55,0.9
"result.851",175589,0.75,0.95
"result.852",176143,0.75,0.95
"result.853",176481,0.6,0.9
"result.854",176757,0.75,0.9
"result.855",176944,0.8,0.95
"result.856",177500,0.8,0.95
"result.857",177548,0.9,0.95
"result.858",177613,0.75,0.85
"result.859",178121,0.9,0.95
"result.860",178219,0.5,0.85
"result.861",178225,0.75,0.9
"result.862",178306,0.4,0.65
"result.863",178308,0.75,0.85
"result.864",178492,0.65,0.85
"result.865",178881,0.65,0.95
"result.866",178890,NA,0.75
"result.867",179131,0.75,0.9
"result.868",179924,0.8,0.9
"result.869",179964,0.85,0.95
"result.870",179969,0.65,0.85
"result.871",179982,0.75,0.9
"result.872",180563,0.8,0.9
"result.873",180601,0.65,0.8
"result.874",180911,0.9,0.95
"result.875",180952,0.65,0.8
"result.876",181035,0.55,0.85
"result.877",181232,0.55,0.6
"result.878",181509,0.85,0.95
"result.879",181663,0.7,0.85
"result.880",181931,0.5,0.85
"result.881",182161,0.85,0.95
"result.882",182179,0.85,0.95
"result.883",182320,NA,NA
"result.884",182439,0.85,0.95
"result.885",182471,0.7,0.85
"result.886",182577,0.4,0.7
"result.887",182603,0.4,0.45
"result.888",183167,NA,0.65
"result.889",183364,0.7,0.9
"result.890",183776,0.4,0.7
"result.891",184051,NA,0.4
"result.892",184168,0.75,0.9
"result.893",184314,0.75,0.85
"result.894",184426,0.8,0.9
"result.895",184618,0.45,0.7
"result.896",184723,0.8,0.95
"result.897",184737,0.75,0.9
"result.898",184869,0.4,0.8
"result.899",184870,0.8,0.8
"result.900",185011,0.7,0.9
"result.901",185013,0.85,0.95
"result.902",185024,0.75,0.9
"result.903",185315,0.55,0.8
"result.904",185332,0.75,0.9
"result.905",185347,0.75,0.9
"result.906",185851,0.75,0.9
"result.907",185876,0.7,0.85
"result.908",185912,0.7,0.9
"result.909",185915,0.65,0.9
"result.910",186517,0.75,0.9
"result.911",186611,0.4,0.65
"result.912",186713,0.75,0.8
"result.913",186788,0.6,0.9
"result.914",186848,0.45,0.7
"result.915",187095,NA,0.4
"result.916",187333,0.45,0.5
"result.917",187591,NA,0.55
"result.918",188087,0.7,0.9
"result.919",188090,0.75,0.85
"result.920",188402,0.5,0.7
"result.921",188556,0.7,0.9
"result.922",189092,0.7,0.9
"result.923",189132,0.65,0.9
"result.924",189229,0.55,0.7
"result.925",189374,0.7,0.9
"result.926",189450,0.75,0.9
"result.927",189460,0.7,0.85
"result.928",189497,0.55,0.9
"result.929",189695,0.55,0.9
"result.930",189769,0.8,0.95
"result.931",189878,0.7,0.9
"result.932",189926,0.7,0.8
"result.933",190043,0.75,0.85
"result.934",190198,0.75,0.95
"result.935",190296,0.75,0.95
"result.936",190494,0.7,0.9
"result.937",191110,0.6,0.85
"result.938",191158,0.65,0.85
"result.939",191413,0.8,0.95
"result.940",191706,0.5,0.8
"result.941",191820,0.85,0.95
"result.942",191851,0.7,0.9
"result.943",191856,0.7,0.9
"result.944",192257,0.45,0.8
"result.945",192468,0.7,0.9
"result.946",192483,0.8,0.9
"result.947",193029,0.8,0.95
"result.948",194111,0.75,0.85
"result.949",194256,0.6,0.85
"result.950",195384,NA,NA
"result.951",195425,0.65,0.85
"result.952",195642,0.75,0.85
"result.953",195966,NA,0.4
"result.954",195969,0.5,0.5
"result.955",195976,0.7,0.85
"result.956",196109,0.6,0.85
"result.957",196196,0.8,0.85
"result.958",196526,NA,NA
"result.959",196537,0.65,0.85
"result.960",196639,0.6,0.8
"result.961",196726,0.85,0.95
"result.962",196739,0.65,0.85
"result.963",196982,0.75,0.9
"result.964",197052,NA,0.4
"result.965",197193,0.7,0.85
"result.966",197258,0.45,0.5
"result.967",197527,0.75,0.85
"result.968",197528,0.8,0.85
"result.969",197635,0.85,0.95
"result.970",197878,0.8,0.9
"result.971",197988,0.8,0.9
"result.972",198909,0.75,0.9
"result.973",198913,0.7,0.9
"result.974",200208,0.75,0.9
"result.975",200843,0.8,0.9
"result.976",200997,0.8,0.9
"result.977",201017,0.55,0.9
"result.978",201040,0.8,0.9
"result.979",201390,0.75,0.85
"result.980",201753,0.6,0.8
"result.981",201763,0.75,0.9
"result.982",202105,0.85,0.9
"result.983",202512,0.8,0.9
"result.984",202609,0.7,0.75
"result.985",203075,0.7,0.85
"result.986",203135,0.8,0.85
"result.987",203167,0.8,0.9
"result.988",203338,0.8,0.9
"result.989",203397,0.7,0.95
"result.990",203745,0.6,0.75
"result.991",203952,0.75,0.85
"result.992",204055,0.75,0.85
"result.993",204516,0.7,0.9
"result.994",204731,0.75,0.9
"result.995",204769,0.8,0.85
"result.996",204773,0.85,0.9
"result.997",204961,0.75,0.95
"result.998",205374,0.6,0.7
"result.999",205453,0.7,0.95
"result.1000",205511,0.8,0.9
"result.1001",205739,0.8,0.85
"result.1002",206254,0.8,0.95
"result.1003",206466,0.6,0.85
"result.1004",206789,0.7,0.9
"result.1005",206855,0.7,0.95
"result.1006",207118,0.7,0.9
"result.1007",207428,0.75,0.95
"result.1008",207611,0.4,0.5
"result.1009",207858,0.75,0.85
"result.1010",207874,0.7,0.9
"result.1011",208100,0.75,0.85
"result.1012",208162,0.7,0.9
"result.1013",208326,0.7,0.9
"result.1014",208613,0.75,0.85
"result.1015",208617,0.65,0.7
"result.1016",208671,0.6,0.75
"result.1017",208910,0.75,0.9
"result.1018",209151,0.7,0.95
"result.1019",209203,0.8,0.85
"result.1020",209366,0.5,0.75
"result.1021",209465,0.8,0.9
"result.1022",209535,0.8,0.9
"result.1023",209789,0.65,0.8
"result.1024",210088,0.85,0.9
"result.1025",210332,0.75,0.85
"result.1026",210592,0.8,0.85
"result.1027",210633,0.8,0.8
"result.1028",211712,0.9,0.95
"result.1029",212187,0.65,0.9
"result.1030",212415,0.75,0.9
"result.1031",212701,0.8,0.95
"result.1032",212954,0.8,0.9
"result.1033",213239,0.8,0.9
"result.1034",213747,0.8,0.85
"result.1035",214928,0.85,0.95
"result.1036",215388,0.85,0.85
"result.1037",216217,0.65,0.9
"result.1038",216446,0.6,0.8
"result.1039",216755,0.6,0.8
"result.1040",216772,0.6,0.85
"result.1041",216798,0.75,0.9
"result.1042",217027,0.65,0.9
"result.1043",217248,0.5,0.55
"result.1044",217360,0.8,0.85
"result.1045",217850,0.65,0.9
"result.1046",217943,0.8,0.85
"result.1047",218378,0.55,0.9
"result.1048",218601,0.8,0.95
"result.1049",218633,0.8,0.9
"result.1050",218879,0.8,0.95
"result.1051",218900,0.8,0.9
"result.1052",219207,0.6,0.85
"result.1053",219521,0.65,0.85
"result.1054",219758,0.85,0.9
"result.1055",219917,0.9,0.9
"result.1056",220044,0.45,0.6
"result.1057",220055,NA,0.7
"result.1058",220058,0.55,0.9
"result.1059",220112,0.65,0.85
"result.1060",220163,0.7,0.9
"result.1061",220315,0.8,0.9
"result.1062",220665,0.65,0.9
"result.1063",220668,0.8,0.9
"result.1064",220716,0.8,0.9
"result.1065",220751,0.85,0.9
"result.1066",221276,0.65,0.9
"result.1067",221584,0.85,0.9
"result.1068",222138,0.85,0.85
"result.1069",222317,0.75,0.9
"result.1070",222890,0.85,0.9
"result.1071",223830,0.6,0.85
"result.1072",224039,0.55,0.85
"result.1073",224577,0.6,0.85
"result.1074",224631,0.5,0.85
"result.1075",224633,0.7,0.9
"result.1076",224663,0.75,0.9
"result.1077",225540,0.8,0.9
"result.1078",225561,0.65,0.8
"result.1079",225802,0.6,0.8
"result.1080",225826,0.9,0.95
"result.1081",226153,0.65,0.7
"result.1082",226372,0.75,0.9
"result.1083",226427,0.75,0.8
"result.1084",226721,0.75,0.85
"result.1085",227290,0.75,0.85
"result.1086",227619,0.9,0.95
"result.1087",227795,0.7,0.85
"result.1088",228144,0.75,0.9
"result.1089",228187,0.85,0.9
"result.1090",228209,0.8,0.85
"result.1091",228660,0.55,0.8
"result.1092",228690,0.8,0.9
"result.1093",228715,0.75,0.85
"result.1094",228972,0.75,0.9
"result.1095",228985,0.75,0.85
"result.1096",229017,0.7,0.85
"result.1097",229313,0.7,0.85
"result.1098",229607,0.7,0.9
"result.1099",229629,0.8,0.9
"result.1100",229845,0.75,0.9
"result.1101",229873,0.75,0.85
"result.1102",229887,0.7,0.9
"result.1103",230213,0.75,0.8
"result.1104",230214,0.7,0.8
"result.1105",230616,0.75,0.85
"result.1106",230755,0.65,0.85
"result.1107",230757,0.8,0.9
"result.1108",231521,0.8,0.9
"result.1109",231550,NA,0.65
"result.1110",231869,0.55,0.85
"result.1111",231880,0.55,0.85
"result.1112",231930,0.8,0.85
"result.1113",231974,0.8,0.9
"result.1114",232001,0.9,0.95
"result.1115",232002,0.75,0.9
"result.1116",232269,0.75,0.9
"result.1117",232613,0.6,0.8
"result.1118",232614,0.75,0.9
"result.1119",232687,0.8,0.9
"result.1120",232809,0.85,0.95
"result.1121",232843,0.6,0.85
"result.1122",232924,0.8,0.95
"result.1123",232965,0.7,0.85
"result.1124",233181,0.85,0.9
"result.1125",233248,0.8,0.95
"result.1126",233450,0.75,0.9
"result.1127",233755,0.7,0.85
"result.1128",233818,0.85,0.9
"result.1129",234020,0.6,0.75
"result.1130",234037,0.85,0.95
"result.1131",234376,0.65,0.7
"result.1132",234621,0.7,0.9
"result.1133",234870,0.75,0.9
"result.1134",234942,0.8,0.95
"result.1135",235139,0.55,0.85
"result.1136",235143,0.55,0.85
"result.1137",235261,0.9,0.95
"result.1138",235298,0.65,0.8
"result.1139",235555,0.85,0.95
"result.1140",235752,0.5,0.85
"result.1141",235754,0.55,0.8
"result.1142",235796,0.65,0.85
"result.1143",236065,0.85,0.95
"result.1144",236180,0.8,0.9
"result.1145",236642,0.75,0.9
"result.1146",236676,0.75,0.9
"result.1147",236694,0.8,0.9
"result.1148",237523,0.8,0.9
"result.1149",237678,0.75,0.9
"result.1150",237943,0.6,0.85
"result.1151",238005,0.8,0.95
"result.1152",238023,0.85,0.95
"result.1153",238026,0.85,0.9
"result.1154",238370,0.75,0.9
"result.1155",238719,0.8,0.95
"result.1156",238735,0.85,0.9
"result.1157",238782,0.75,0.9
"result.1158",239065,0.85,0.95
"result.1159",239066,0.75,0.9
"result.1160",239099,0.85,0.95
"result.1161",239786,0.8,0.9
"result.1162",239788,0.8,0.9
"result.1163",239942,0.8,0.9
"result.1164",240041,0.85,0.9
"result.1165",240068,0.85,0.9
"result.1166",240440,0.6,0.75
"result.1167",240619,0.55,0.7
"result.1168",240784,0.8,0.9
"result.1169",241080,0.8,0.9
"result.1170",241177,0.85,0.95
"result.1171",241508,0.8,0.95
"result.1172",241721,0.75,0.9
"result.1173",241734,0.7,0.8
"result.1174",242035,0.85,0.9
"result.1175",242037,0.75,0.8
"result.1176",242199,0.8,0.95
"result.1177",242509,0.8,0.95
"result.1178",242974,0.8,0.9
"result.1179",242996,0.85,0.9
"result.1180",243282,0.8,0.9
"result.1181",243570,0.9,0.9
"result.1182",243592,0.8,0.9
"result.1183",243864,0.8,0.9
"result.1184",243895,0.75,0.9
"result.1185",243908,0.85,0.9
"result.1186",244220,0.8,0.85
"result.1187",244533,0.85,0.95
"result.1188",244739,0.85,0.9
"result.1189",244740,0.85,0.95
"result.1190",245473,0.85,0.9
"result.1191",245733,0.85,0.9
"result.1192",245736,0.75,0.85
"result.1193",245759,0.5,0.55
"result.1194",246015,0.75,0.85
"result.1195",246021,0.85,0.9
"result.1196",246154,0.85,0.95
"result.1197",246177,0.65,0.75
"result.1198",246318,0.85,0.9
"result.1199",246393,NA,0.55
"result.1200",246394,0.75,0.85
"result.1201",246466,0.8,0.9
"result.1202",246602,0.85,0.9
"result.1203",247036,0.55,0.7
"result.1204",247061,0.75,0.85
"result.1205",247062,0.75,0.95
"result.1206",247145,0.85,0.95
"result.1207",247159,0.85,0.9
"result.1208",247161,0.85,0.9
"result.1209",247471,0.65,0.75
"result.1210",248175,0.7,0.8
"result.1211",248634,0.8,0.9
"result.1212",248931,0.85,0.95
"result.1213",248938,0.8,0.9
"result.1214",249113,0.45,0.55
"result.1215",249344,0.65,0.9
"result.1216",249631,0.7,0.85
"result.1217",249743,0.65,0.8
"result.1218",249826,0.8,0.9
"result.1219",249847,0.7,0.8
"result.1220",249913,0.7,0.9
"result.1221",249916,0.7,0.9
"result.1222",250005,0.75,0.9
"result.1223",250180,0.8,0.9
"result.1224",250187,0.9,0.95
"result.1225",250409,0.8,0.85
"result.1226",250603,0.8,0.9
"result.1227",250735,0.6,0.7
"result.1228",250913,0.8,0.9
"result.1229",250947,0.9,0.95
"result.1230",251044,0.75,0.9
"result.1231",251048,0.7,0.9
"result.1232",251050,0.7,0.85
"result.1233",251051,0.65,0.85
"result.1234",251283,0.7,0.75
"result.1235",251378,0.7,0.8
"result.1236",251997,0.8,0.9
"result.1237",252026,0.7,0.85
"result.1238",252029,0.55,0.85
"result.1239",252074,0.8,0.95
"result.1240",252407,0.8,0.9
"result.1241",252533,0.8,0.85
"result.1242",252624,0.7,0.8
"result.1243",252709,0.8,0.95
"result.1244",253048,0.8,0.9
"result.1245",253480,0.8,0.95
"result.1246",253574,0.7,0.85
"result.1247",253717,0.75,0.85
"result.1248",253739,0.65,0.75
"result.1249",253933,0.55,0.8
"result.1250",253997,0.8,0.9
"result.1251",254058,0.45,0.55
"result.1252",254276,0.7,0.85
"result.1253",254318,0.65,0.85
"result.1254",254360,0.8,0.95
"result.1255",254599,0.6,0.85
"result.1256",254797,0.65,0.8
"result.1257",254898,0.65,0.85
"result.1258",255194,0.85,0.9
"result.1259",255707,NA,0.5
"result.1260",255793,0.65,0.85
"result.1261",255825,0.7,0.9
"result.1262",255843,0.7,0.9
"result.1263",255853,0.7,0.9
"result.1264",256169,0.7,0.8
"result.1265",256484,0.6,0.9
"result.1266",256825,0.8,0.9
"result.1267",257047,0.7,0.85
"result.1268",257125,0.8,0.95
"result.1269",257213,0.85,0.9
"result.1270",257416,0.75,0.8
"result.1271",257421,0.7,0.85
"result.1272",257570,0.85,0.9
"result.1273",257667,0.55,0.8
"result.1274",257747,0.7,0.85
"result.1275",258066,0.6,0.75
"result.1276",258067,0.75,0.8
"result.1277",258088,0.6,0.85
"result.1278",258197,0.8,0.9
"result.1279",258201,0.8,0.9
"result.1280",258391,0.7,0.85
"result.1281",258524,0.8,0.95
"result.1282",258802,0.8,0.9
"result.1283",258813,0.5,0.6
"result.1284",258847,0.55,0.8
"result.1285",259107,0.75,0.85
"result.1286",259237,0.7,0.85
"result.1287",259367,NA,0.45
"result.1288",259785,0.55,0.85
"result.1289",260321,0.85,0.95
"result.1290",260774,0.7,0.85
"result.1291",260901,0.6,0.7
"result.1292",261198,0.75,0.8
"result.1293",261227,0.4,0.65
"result.1294",261360,0.7,0.85
"result.1295",261682,0.7,0.85
"result.1296",261707,0.7,0.85
"result.1297",261735,0.85,0.95
"result.1298",262119,0.55,0.6
"result.1299",262126,0.7,0.75
"result.1300",262155,0.8,0.95
"result.1301",262219,0.8,0.85
"result.1302",262337,0.7,0.8
"result.1303",262352,0.7,0.85
"result.1304",262386,0.85,0.95
"result.1305",262454,0.8,0.85
"result.1306",262615,0.85,0.95
"result.1307",262664,0.8,0.9
"result.1308",262667,0.85,0.9
"result.1309",262810,0.9,0.95
"result.1310",263012,0.8,0.95
"result.1311",263047,0.85,0.95
"result.1312",263683,0.8,0.85
"result.1313",264004,0.8,0.85
"result.1314",264266,0.7,0.85
"result.1315",264614,0.85,0.95
"result.1316",264861,0.8,0.9
"result.1317",264917,0.7,0.75
"result.1318",264938,0.5,0.65
"result.1319",265117,0.7,0.85
"result.1320",265260,0.6,0.95
"result.1321",265268,0.4,0.85
"result.1322",265271,NA,0.6
"result.1323",265283,0.75,0.9
"result.1324",265445,0.65,0.85
"result.1325",265472,0.8,0.9
"result.1326",265607,0.6,0.9
"result.1327",265738,0.85,0.95
"result.1328",265914,0.8,0.9
"result.1329",266182,0.8,0.95
"result.1330",266305,0.85,0.95
"result.1331",266359,0.6,0.85
"result.1332",266459,NA,0.4
"result.1333",267089,0.8,0.9
"result.1334",267976,0.65,0.9
"result.1335",267996,0.75,0.8
"result.1336",268593,0.75,0.85
"result.1337",268818,0.8,0.9
"result.1338",268875,0.7,0.9
"result.1339",269093,0.75,0.85
"result.1340",269346,0.65,0.85
"result.1341",269485,0.75,0.85
"result.1342",269580,0.8,0.9
"result.1343",269592,0.75,0.85
"result.1344",269723,0.85,0.9
"result.1345",269873,0.7,0.8
"result.1346",269877,0.7,0.8
"result.1347",270104,0.85,0.9
"result.1348",270106,0.85,0.9
"result.1349",270259,0.75,0.85
"result.1350",270377,0.8,0.9
"result.1351",270378,0.8,0.95
"result.1352",270815,0.8,0.95
"result.1353",271078,0.75,0.95
"result.1354",271168,0.85,0.95
"result.1355",271316,NA,0.65
"result.1356",271321,0.85,0.9
"result.1357",271610,0.5,0.5
"result.1358",271739,0.85,0.9
"result.1359",272089,0.75,0.85
"result.1360",272092,0.7,0.85
"result.1361",272190,0.85,0.9
"result.1362",272203,NA,0.6
"result.1363",272318,0.8,0.9
"result.1364",272761,0.75,0.95
"result.1365",272955,0.8,0.85
"result.1366",273022,0.85,0.9
"result.1367",273030,0.8,0.9
"result.1368",273138,0.8,0.95
"result.1369",273462,0.7,0.7
"result.1370",273527,NA,0.45
"result.1371",273809,0.7,0.9
"result.1372",273972,0.85,0.95
"result.1373",274081,0.85,0.95
"result.1374",274352,0.8,0.9
"result.1375",274500,0.85,0.95
"result.1376",274534,0.85,0.85
"result.1377",274798,0.7,0.85
"result.1378",274886,0.75,0.9
"result.1379",275168,0.7,0.9
"result.1380",275366,0.8,0.8
"result.1381",275643,0.7,0.85
"result.1382",275923,0.85,0.95
"result.1383",275925,0.85,0.95
"result.1384",276154,0.8,0.95
"result.1385",276663,0.8,0.9
"result.1386",276701,0.65,0.7
"result.1387",276703,0.8,0.9
"result.1388",276840,0.85,0.95
"result.1389",277117,0.6,0.85
"result.1390",277483,0.75,0.9
"result.1391",277976,0.85,0.95
"result.1392",278016,0.7,0.85
"result.1393",278017,0.85,0.95
"result.1394",278036,0.8,0.9
"result.1395",278474,0.85,0.95
"result.1396",278481,0.85,0.95
"result.1397",278516,0.7,0.8
"result.1398",278537,0.85,0.9
"result.1399",278599,0.85,0.95
"result.1400",278733,0.8,0.95
"result.1401",278741,0.65,0.7
"result.1402",278761,0.8,0.9
"result.1403",278828,0.8,0.95
"result.1404",279020,0.7,0.85
"result.1405",279254,0.85,0.95
"result.1406",279410,0.85,0.95
"result.1407",279415,0.85,0.95
"result.1408",279545,0.85,0.95
"result.1409",279564,0.75,0.9
"result.1410",279975,0.85,0.95
"result.1411",280068,0.75,0.9
"result.1412",280220,0.85,0.95
"result.1413",280334,0.5,0.6
"result.1414",280360,0.8,0.9
"result.1415",280363,0.8,0.95
"result.1416",280489,0.65,0.85
"result.1417",280671,0.8,0.95
"result.1418",280706,0.75,0.8
"result.1419",280901,0.8,0.95
"result.1420",281073,0.75,0.9
"result.1421",281074,0.85,0.9
"result.1422",281083,0.8,0.9
"result.1423",281141,0.8,0.95
"result.1424",281337,0.75,0.9
"result.1425",281419,0.8,0.9
"result.1426",281548,0.75,0.8
"result.1427",281722,0.8,0.95
"result.1428",282113,0.75,0.9
"result.1429",282164,0.85,0.95
"result.1430",282433,0.85,0.95
"result.1431",282698,0.85,0.95
"result.1432",282910,0.8,0.9
"result.1433",282912,0.8,0.85
"result.1434",283071,0.85,0.9
"result.1435",283076,0.75,0.85
"result.1436",283224,0.85,0.95
"result.1437",283323,0.75,0.85
"result.1438",283578,0.65,0.9
"result.1439",283691,0.8,0.85
"result.1440",283856,0.85,0.95
"result.1441",284146,0.8,0.9
"result.1442",284278,0.7,0.85
"result.1443",284321,0.75,0.85
"result.1444",284533,0.8,0.85
"result.1445",284595,0.7,0.9
"result.1446",284612,0.85,0.95
"result.1447",284644,0.85,0.9
"result.1448",284856,0.75,0.9
"result.1449",284900,0.75,0.95
"result.1450",285358,0.75,0.9
"result.1451",285390,0.85,0.9
"result.1452",285393,0.8,0.95
"result.1453",285425,0.65,0.85
"result.1454",285651,0.85,0.95
"result.1455",285687,0.65,0.85
"result.1456",285748,0.4,0.65
"result.1457",285811,0.75,0.8
"result.1458",285882,0.85,0.85
"result.1459",285908,0.85,0.9
"result.1460",286369,0.7,0.85
"result.1461",286474,0.85,0.9
"result.1462",286480,0.85,0.9
"result.1463",286583,0.8,0.85
"result.1464",286595,0.8,0.9
"result.1465",286929,0.75,0.95
"result.1466",286934,0.75,0.95
"result.1467",286949,0.75,0.9
"result.1468",287034,0.7,0.75
"result.1469",287113,0.4,0.45
"result.1470",287138,0.8,0.9
"result.1471",287267,0.85,0.9
"result.1472",287365,0.8,0.85
"result.1473",287431,0.75,0.95
"result.1474",287745,0.7,0.85
"result.1475",287772,0.8,0.9
"result.1476",287837,0.75,0.9
"result.1477",287869,0.8,0.9
"result.1478",288130,0.65,0.7
"result.1479",288301,0.75,0.85
"result.1480",288394,0.8,0.9
"result.1481",288868,0.8,0.9
"result.1482",288877,0.8,0.9
"result.1483",289019,0.65,0.75
"result.1484",289043,0.8,0.9
"result.1485",289353,0.8,0.9
"result.1486",289466,0.85,0.9
"result.1487",289470,0.45,0.75
"result.1488",289555,0.75,0.8
"result.1489",289573,0.75,0.95
"result.1490",289805,0.8,0.9
"result.1491",290191,0.75,0.95
"result.1492",290200,0.75,0.85
"result.1493",290372,0.75,0.8
"result.1494",290422,0.75,0.8
"result.1495",290641,0.75,0.85
"result.1496",290657,0.8,0.9
"result.1497",290666,0.55,0.9
"result.1498",290707,0.8,0.95
"result.1499",290746,0.85,0.9
"result.1500",290748,0.8,0.9
"result.1501",290915,0.7,0.9
"result.1502",290942,0.75,0.8
"result.1503",290959,0.65,0.85
"result.1504",291050,0.8,0.85
"result.1505",291110,0.7,0.85
"result.1506",291141,0.8,0.9
"result.1507",291148,0.65,0.9
"result.1508",291213,0.8,0.85
"result.1509",291475,0.75,0.85
"result.1510",291486,0.75,0.9
"result.1511",291516,0.8,0.95
"result.1512",291520,0.8,0.95
"result.1513",291808,0.75,0.9
"result.1514",291952,0.75,0.8
"result.1515",291984,0.65,0.65
"result.1516",292023,0.5,0.85
"result.1517",292302,0.6,0.9
"result.1518",292321,0.6,0.9
"result.1519",292325,0.6,0.9
"result.1520",292337,0.55,0.9
"result.1521",292349,0.85,0.95
"result.1522",292359,0.75,0.95
"result.1523",292527,0.75,0.9
"result.1524",292533,0.65,0.85
"result.1525",292610,0.6,0.9
"result.1526",292620,0.75,0.8
"result.1527",292635,0.75,0.95
"result.1528",292637,0.7,0.8
"result.1529",292639,0.7,0.95
"result.1530",292759,0.65,0.85
"result.1531",292850,0.7,0.9
"result.1532",292885,0.75,0.95
"result.1533",292940,0.8,0.95
"result.1534",293055,0.75,0.85
"result.1535",293191,0.85,0.95
"result.1536",293204,0.6,0.9
"result.1537",293215,0.75,0.95
"result.1538",293326,0.65,0.85
"result.1539",293363,0.75,0.8
"result.1540",293385,0.8,0.9
"result.1541",293593,0.6,0.9
"result.1542",293625,0.6,0.9
"result.1543",293802,0.75,0.85
"result.1544",293882,0.6,0.9
"result.1545",294178,0.6,0.9
"result.1546",294203,0.75,0.9
"result.1547",294325,0.65,0.8
"result.1548",294336,0.75,0.95
"result.1549",294597,0.75,0.95
"result.1550",294816,0.75,0.9
"result.1551",294914,0.8,0.9
"result.1552",294925,0.75,0.9
"result.1553",294971,0.75,0.95
"result.1554",294975,0.75,0.95
"result.1555",295019,0.4,0.6
"result.1556",295258,0.8,0.95
"result.1557",295295,0.45,0.65
"result.1558",295352,0.7,0.9
"result.1559",295489,0.7,0.9
"result.1560",295526,0.7,0.95
"result.1561",295550,0.7,0.9
"result.1562",295651,0.75,0.95
"result.1563",295800,0.85,0.95
"result.1564",296045,0.85,0.9
"result.1565",296053,0.55,0.8
"result.1566",296292,0.8,0.9
"result.1567",296389,0.75,0.9
"result.1568",296415,0.7,0.9
"result.1569",296496,0.8,0.9
"result.1570",296669,0.8,0.9
"result.1571",296674,0.75,0.9
"result.1572",296677,0.8,0.95
"result.1573",296767,0.65,0.75
"result.1574",297064,0.85,0.95
"result.1575",297239,0.7,0.95
"result.1576",297275,0.7,0.95
"result.1577",297280,0.75,0.9
"result.1578",297285,0.85,0.9
"result.1579",297304,0.8,0.9
"result.1580",297356,0.5,0.8
"result.1581",297490,0.85,0.95
"result.1582",297524,0.85,0.9
"result.1583",297532,0.8,0.9
"result.1584",297577,0.75,0.9
"result.1585",297596,0.8,0.9
"result.1586",297721,0.8,0.9
"result.1587",297735,0.7,0.95
"result.1588",297744,0.5,0.8
"result.1589",297769,0.85,0.9
"result.1590",297854,0.8,0.95
"result.1591",297870,0.85,0.9
"result.1592",297885,0.55,0.8
"result.1593",297998,0.8,0.95
"result.1594",298035,0.75,0.9
"result.1595",298114,0.75,0.9
"result.1596",298118,0.6,0.85
"result.1597",298319,0.85,0.9
"result.1598",298321,0.6,0.85
"result.1599",298338,0.8,0.9
"result.1600",298391,0.9,0.95
"result.1601",298395,0.8,0.9
"result.1602",298444,0.6,0.8
"result.1603",298564,0.7,0.95
"result.1604",298626,0.8,0.85
"result.1605",298671,0.6,0.85
"result.1606",298687,0.45,0.7
"result.1607",298844,0.65,0.9
"result.1608",298867,0.75,0.85
"result.1609",298960,0.65,0.9
"result.1610",299056,0.7,0.95
"result.1611",299119,0.6,0.85
"result.1612",299154,0.75,0.95
"result.1613",299248,0.7,0.9
"result.1614",299249,0.8,0.95
"result.1615",299487,0.8,0.85
"result.1616",299691,0.85,0.95
"result.1617",299765,NA,0.6
"result.1618",299863,0.7,0.9
"result.1619",299948,0.65,0.75
"result.1620",300037,0.65,0.8
"result.1621",300483,0.8,0.9
"result.1622",300528,0.65,0.8
"result.1623",300569,0.8,0.9
"result.1624",301019,0.7,0.8
"result.1625",301041,0.75,0.9
"result.1626",301118,0.75,0.95
"result.1627",301272,0.65,0.85
"result.1628",301319,0.65,0.8
"result.1629",301371,0.8,0.95
"result.1630",301599,0.75,0.95
"result.1631",301819,0.7,0.95
"result.1632",302285,0.85,0.9
"result.1633",302338,0.8,0.85
"result.1634",302567,0.55,0.65
"result.1635",302765,0.7,0.95
"result.1636",302788,0.55,0.55
"result.1637",302980,0.6,0.85
"result.1638",303240,0.65,0.85
"result.1639",303390,0.75,0.9
"result.1640",303636,0.75,0.9
"result.1641",303662,0.75,0.85
"result.1642",303735,0.8,0.9
"result.1643",303738,0.65,0.9
"result.1644",303827,0.4,0.6
"result.1645",303976,0.8,0.9
"result.1646",304121,0.5,0.75
"result.1647",304244,0.65,0.9
"result.1648",304270,NA,0.6
"result.1649",304294,0.75,0.9
"result.1650",304402,0.65,0.85
"result.1651",304624,0.6,0.7
"result.1652",304718,0.75,0.9
"result.1653",304770,0.4,0.6
"result.1654",304790,0.8,0.95
"result.1655",305009,0.4,0.85
"result.1656",305198,0.5,0.6
"result.1657",305205,NA,0.6
"result.1658",305215,0.8,0.9
"result.1659",305216,0.65,0.95
"result.1660",305273,0.75,0.9
"result.1661",305463,0.7,0.85
"result.1662",305583,0.8,0.9
"result.1663",305706,0.7,0.9
"result.1664",305710,0.7,0.95
"result.1665",305795,0.8,0.9
"result.1666",305978,0.4,0.6
"result.1667",306027,0.75,0.9
"result.1668",306037,0.75,0.9
"result.1669",306098,0.7,0.9
"result.1670",306218,0.85,0.95
"result.1671",306432,0.8,0.9
"result.1672",306590,0.8,0.9
"result.1673",306635,0.75,0.95
"result.1674",307087,0.75,0.9
"result.1675",307503,0.65,0.9
"result.1676",307920,0.75,0.9
"result.1677",308343,0.4,0.75
"result.1678",308378,0.45,0.9
"result.1679",308994,0.6,0.9
"result.1680",309059,0.45,0.85
"result.1681",309170,0.8,0.9
"result.1682",309239,NA,0.7
"result.1683",309256,0.75,0.8
"result.1684",309416,0.5,0.65
"result.1685",309484,0.65,0.65
"result.1686",309651,0.75,0.9
"result.1687",309795,0.8,0.9
"result.1688",309796,0.75,0.85
"result.1689",309822,0.8,0.9
"result.1690",309824,0.45,0.7
"result.1691",309857,0.85,0.95
"result.1692",309910,0.75,0.8
"result.1693",309939,0.55,0.85
"result.1694",310066,0.8,0.9
"result.1695",310099,0.8,0.95
"result.1696",310106,0.8,0.9
"result.1697",310246,0.8,0.9
"result.1698",310333,0.5,0.55
"result.1699",310337,0.6,0.75
"result.1700",310376,0.4,0.65
"result.1701",310419,0.65,0.85
"result.1702",310575,0.8,0.95
"result.1703",310659,0.75,0.75
"result.1704",310696,0.7,0.9
"result.1705",310744,0.75,0.9
"result.1706",310843,NA,0.75
"result.1707",310866,0.75,0.8
"result.1708",310902,0.7,0.95
"result.1709",310962,0.85,0.95
"result.1710",310977,0.6,0.8
"result.1711",311057,0.75,0.9
"result.1712",311058,0.65,0.9
"result.1713",311101,0.7,0.9
"result.1714",311112,0.65,0.85
"result.1715",311137,0.55,0.8
"result.1716",311145,0.8,0.9
"result.1717",311190,0.7,0.75
"result.1718",311373,0.8,0.9
"result.1719",311510,0.7,0.8
"result.1720",311522,0.65,0.65
"result.1721",311549,0.8,0.95
"result.1722",311618,0.75,0.9
"result.1723",311675,0.85,0.9
"result.1724",311766,0.75,0.8
"result.1725",311829,0.6,0.85
"result.1726",311830,0.6,0.85
"result.1727",311855,0.8,0.95
"result.1728",312013,0.75,0.9
"result.1729",312071,0.8,0.9
"result.1730",312186,0.6,0.65
"result.1731",312200,0.8,0.85
"result.1732",312485,0.75,0.9
"result.1733",312605,0.6,0.85
"result.1734",312734,0.85,0.9
"result.1735",312739,0.7,0.75
"result.1736",312789,0.7,0.85
"result.1737",312841,0.7,0.95
"result.1738",312934,0.55,0.75
"result.1739",313002,0.55,0.65
"result.1740",313103,0.8,0.95
"result.1741",313110,0.8,0.95
"result.1742",313301,0.5,0.85
"result.1743",313303,0.8,0.9
"result.1744",313307,0.75,0.85
"result.1745",313309,0.75,0.85
"result.1746",313396,0.7,0.7
"result.1747",313754,0.75,0.85
"result.1748",313798,0.85,0.95
"result.1749",313967,0.75,0.9
"result.1750",314020,0.8,0.9
"result.1751",314073,0.75,0.8
"result.1752",314194,0.7,0.8
"result.1753",314291,0.7,0.9
"result.1754",314385,0.6,0.8
"result.1755",314572,0.75,0.9
"result.1756",314638,0.85,0.9
"result.1757",314731,0.8,0.85
"result.1758",314763,0.6,0.9
"result.1759",314805,0.7,0.9
"result.1760",314808,0.85,0.9
"result.1761",314942,0.9,0.95
"result.1762",314949,0.65,0.8
"result.1763",315185,0.7,0.9
"result.1764",315315,0.85,0.95
"result.1765",315640,0.7,0.9
"result.1766",315777,0.6,0.85
"result.1767",315822,0.55,0.9
"result.1768",315919,0.7,0.7
"result.1769",315953,0.7,0.85
"result.1770",316282,0.85,0.95
"result.1771",316338,0.8,0.9
"result.1772",316370,0.8,0.95
"result.1773",316790,0.85,0.9
"result.1774",316897,0.75,0.85
"result.1775",317280,0.85,0.95
"result.1776",317383,0.85,0.95
"result.1777",317547,0.55,0.9
"result.1778",317791,0.55,0.9
"result.1779",318107,0.8,0.9
"result.1780",318237,0.8,0.85
"result.1781",318281,0.85,0.95
"result.1782",318300,0.45,0.6
"result.1783",318317,0.75,0.95
"result.1784",318674,0.55,0.9
"result.1785",318845,0.75,0.8
"result.1786",318854,0.5,0.9
"result.1787",318977,0.65,0.8
"result.1788",319138,0.8,0.9
"result.1789",319302,0.6,0.8
"result.1790",319578,0.9,0.95
"result.1791",319876,0.5,0.7
"result.1792",320230,0.6,0.9
"result.1793",320268,0.8,0.85
"result.1794",320372,0.8,0.9
"result.1795",320702,0.65,0.9
"result.1796",320877,0.75,0.9
"result.1797",321060,0.65,0.9
"result.1798",321298,0.8,0.9
"result.1799",321471,0.8,0.9
"result.1800",321708,0.5,0.5
"result.1801",322421,0.8,0.9
"result.1802",322462,0.85,0.9
"result.1803",322505,0.85,0.95
"result.1804",322512,0.5,0.7
"result.1805",322516,0.6,0.8
"result.1806",322679,0.7,0.9
"result.1807",322780,0.7,0.9
"result.1808",323124,0.7,0.9
"result.1809",323557,0.7,0.9
"result.1810",323683,0.8,0.95
"result.1811",323706,NA,0.85
"result.1812",323843,0.8,0.95
"result.1813",324120,0.85,0.85
"result.1814",324248,0.8,0.95
"result.1815",324271,0.65,0.9
"result.1816",324344,0.8,0.9
"result.1817",324491,0.5,0.5
"result.1818",324570,0.8,0.9
"result.1819",324580,0.8,0.9
"result.1820",324738,0.85,0.9
"result.1821",324777,NA,0.85
"result.1822",324838,0.45,0.8
"result.1823",324989,0.6,0.8
"result.1824",325150,0.7,0.95
"result.1825",325191,0.85,0.9
"result.1826",325195,0.8,0.85
"result.1827",325202,0.8,0.95
"result.1828",325432,0.8,0.9
"result.1829",325435,0.6,0.85
"result.1830",325609,0.8,0.95
"result.1831",325747,0.6,0.85
"result.1832",325901,0.85,0.9
"result.1833",325930,0.6,0.7
"result.1834",326026,0.85,0.9
"result.1835",326071,0.85,0.9
"result.1836",326214,0.8,0.85
"result.1837",326272,0.55,0.9
"result.1838",326548,0.7,0.9
"result.1839",326659,0.5,0.6
"result.1840",326759,0.8,0.95
"result.1841",326858,0.75,0.9
"result.1842",327130,0.85,0.9
"result.1843",327169,0.45,0.7
"result.1844",327203,0.7,0.8
"result.1845",327263,0.8,0.9
"result.1846",327313,0.55,0.85
"result.1847",327413,0.65,0.7
"result.1848",327788,0.7,0.75
"result.1849",327956,0.7,0.95
"result.1850",328145,0.5,0.55
"result.1851",328360,0.7,0.8
"result.1852",328373,0.7,0.8
"result.1853",328377,0.7,0.85
"result.1854",328501,0.5,0.85
"result.1855",328734,0.65,0.75
"result.1856",328950,0.75,0.9
"result.1857",329017,0.65,0.85
"result.1858",329107,0.65,0.9
"result.1859",329291,0.75,0.9
"result.1860",329350,0.75,0.95
"result.1861",329418,0.8,0.95
"result.1862",329434,0.5,0.85
"result.1863",329531,0.7,0.75
"result.1864",329601,0.85,0.95
"result.1865",329814,0.8,0.9
"result.1866",329895,0.65,0.75
"result.1867",329937,0.7,0.85
"result.1868",329982,0.7,0.85
"result.1869",330119,0.6,0.95
"result.1870",330146,0.65,0.85
"result.1871",330225,0.85,0.95
"result.1872",330312,0.6,0.85
"result.1873",330324,0.45,0.5
"result.1874",330418,0.8,0.95
"result.1875",330503,0.55,0.8
"result.1876",330534,0.7,0.9
"result.1877",330743,0.8,0.95
"result.1878",330933,0.8,0.95
"result.1879",330936,0.85,0.95
"result.1880",330941,0.75,0.9
"result.1881",330977,0.7,0.95
"result.1882",331014,0.65,0.95
"result.1883",331036,0.6,0.9
"result.1884",331118,0.8,0.95
"result.1885",331144,0.55,0.85
"result.1886",331186,0.5,0.9
"result.1887",331225,0.45,0.45
"result.1888",331232,0.8,0.9
"result.1889",331400,0.75,0.9
"result.1890",331584,0.7,0.9
"result.1891",331981,0.8,0.95
"result.1892",332174,0.7,0.9
"result.1893",332629,0.6,0.9
"result.1894",332664,0.55,0.8
"result.1895",332789,NA,NA
"result.1896",333261,NA,0.5
"result.1897",333293,NA,0.8
"result.1898",333310,0.7,0.9
"result.1899",333313,0.55,0.9
"result.1900",333444,0.6,0.85
"result.1901",333502,0.6,0.95
"result.1902",333723,0.75,0.9
"result.1903",333781,0.75,0.85
"result.1904",333854,0.45,0.85
"result.1905",333863,NA,0.55
"result.1906",333892,0.55,0.85
"result.1907",333998,0.75,0.9
"result.1908",334184,0.7,0.9
"result.1909",334186,0.75,0.95
"result.1910",334329,NA,0.5
"result.1911",334778,0.6,0.85
"result.1912",334906,0.75,0.9
"result.1913",335017,NA,NA
"result.1914",335251,0.4,0.75
"result.1915",335254,NA,0.55
"result.1916",335258,NA,0.5
"result.1917",335276,NA,0.5
"result.1918",335376,0.4,0.9
"result.1919",335495,0.75,0.9
"result.1920",335727,0.6,0.85
"result.1921",335731,0.65,0.85
"result.1922",335749,NA,0.55
"result.1923",335834,0.85,0.95
"result.1924",335937,0.45,0.8
"result.1925",335984,0.8,0.9
"result.1926",335990,NA,NA
"result.1927",335992,0.65,0.8
"result.1928",336057,0.65,0.8
"result.1929",336151,0.6,0.95
"result.1930",336181,0.45,0.75
"result.1931",336311,0.7,0.85
"result.1932",336410,0.45,0.8
"result.1933",336456,NA,NA
"result.1934",336509,0.5,0.9
"result.1935",336649,0.45,0.8
"result.1936",336659,0.8,0.9
"result.1937",336711,0.6,0.9
"result.1938",336733,0.45,0.75
"result.1939",336767,0.65,0.75
"result.1940",336917,0.45,0.75
"result.1941",336918,0.75,0.9
"result.1942",336963,0.55,0.9
"result.1943",337034,0.55,0.8
"result.1944",337131,0.75,0.9
"result.1945",337369,0.6,0.7
"result.1946",337377,0.6,0.9
"result.1947",337792,0.5,0.85
"result.1948",337794,0.45,0.85
"result.1949",337796,0.45,0.9
"result.1950",338231,NA,0.6
"result.1951",338377,0.6,0.8
"result.1952",338411,NA,NA
"result.1953",338461,0.85,0.95
"result.1954",338655,0.4,0.4
"result.1955",338792,NA,NA
"result.1956",338807,0.55,0.9
"result.1957",338812,0.5,0.85
"result.1958",338845,0.8,0.85
"result.1959",338973,0.7,0.85
"result.1960",339238,NA,NA
"result.1961",339242,0.5,0.85
"result.1962",339402,0.8,0.85
"result.1963",339468,NA,0.45
"result.1964",339498,0.6,0.85
"result.1965",339870,0.85,0.9
"result.1966",340234,0.65,0.85
"result.1967",340585,0.7,0.85
"result.1968",340616,0.65,0.8
"result.1969",340908,0.45,0.9
"result.1970",340952,0.65,0.95
"result.1971",341095,0.65,0.75
"result.1972",341260,0.8,0.85
"result.1973",341498,0.7,0.85
"result.1974",341512,0.65,0.8
"result.1975",341564,0.7,0.95
"result.1976",341613,0.75,0.9
"result.1977",341773,0.65,0.95
"result.1978",341835,0.75,0.9
"result.1979",341954,0.65,0.9
"result.1980",342123,0.85,0.9
"result.1981",342228,0.7,0.75
"result.1982",342426,0.7,0.75
"result.1983",342526,NA,NA
"result.1984",342551,0.9,0.95
"result.1985",342772,0.6,0.85
"result.1986",342790,0.8,0.9
"result.1987",343000,0.75,0.85
"result.1988",343133,NA,NA
"result.1989",343135,NA,0.6
"result.1990",343149,0.7,0.85
"result.1991",343208,0.75,0.9
"result.1992",343213,0.75,0.9
"result.1993",343406,0.65,0.9
"result.1994",343599,0.6,0.65
"result.1995",343879,NA,0.5
"result.1996",344036,NA,0.55
"result.1997",344084,0.75,0.9
"result.1998",344360,NA,0.85
"result.1999",344362,NA,0.9
"result.2000",344398,0.75,0.9
"result.2001",344601,0.65,0.9
"result.2002",344688,NA,0.9
"result.2003",344760,0.75,0.9
"result.2004",344874,NA,0.95
"result.2005",345175,0.75,0.85
"result.2006",345344,0.7,0.9
"result.2007",345390,0.75,0.85
"result.2008",345517,0.7,0.85
"result.2009",345625,0.5,0.9
"result.2010",345755,0.8,0.85
"result.2011",345881,0.75,0.9
"result.2012",345948,0.8,0.85
"result.2013",346033,0.75,0.9
"result.2014",346082,0.7,0.9
"result.2015",346222,0.75,0.85
"result.2016",347106,0.75,0.9
"result.2017",347426,0.8,0.95
"result.2018",347541,NA,0.7
"result.2019",347674,0.65,0.9
"result.2020",347688,0.75,0.9
"result.2021",347728,0.75,0.8
"result.2022",347832,NA,0.45
"result.2023",347991,0.8,0.95
"result.2024",348210,0.4,0.85
"result.2025",348211,NA,0.6
"result.2026",348555,0.5,0.8
"result.2027",348556,NA,0.85
"result.2028",348600,0.75,0.95
"result.2029",348767,NA,0.45
"result.2030",348781,0.75,0.95
"result.2031",349090,NA,0.85
"result.2032",349094,0.65,0.7
"result.2033",349141,0.6,0.9
"result.2034",349306,0.8,0.95
"result.2035",349416,0.55,0.75
"result.2036",349421,NA,0.65
"result.2037",349752,0.7,0.85
"result.2038",350079,0.4,0.7
"result.2039",350466,0.85,0.9
"result.2040",350469,0.85,0.95
"result.2041",350646,0.8,0.9
"result.2042",350674,0.7,0.75
"result.2043",350945,NA,0.7
"result.2044",350979,0.8,0.9
"result.2045",351154,0.8,0.9
"result.2046",351239,0.75,0.85
"result.2047",351282,0.6,0.8
"result.2048",351957,NA,0.7
"result.2049",352349,NA,0.8
"result.2050",352732,NA,0.65
"result.2051",352837,0.65,0.9
"result.2052",353173,NA,0.8
"result.2053",353184,NA,0.8
"result.2054",353339,NA,0.8
"result.2055",353483,NA,NA
"result.2056",353597,0.55,0.7
"result.2057",353604,0.6,0.8
"result.2058",353632,0.7,0.9
"result.2059",353718,0.6,0.75
"result.2060",353790,NA,0.95
"result.2061",353815,0.75,0.85
"result.2062",353903,NA,0.8
"result.2063",353915,0.5,0.7
"result.2064",354167,0.8,0.85
"result.2065",354319,0.4,0.75
"result.2066",354604,0.55,0.95
"result.2067",354908,0.65,0.8
"result.2068",354994,0.5,0.65
"result.2069",355007,0.7,0.8
"result.2070",355094,0.55,0.75
"result.2071",355190,0.6,0.65
"result.2072",355194,0.75,0.85
"result.2073",355351,0.7,0.7
"result.2074",355606,0.75,0.85
"result.2075",355687,0.85,0.95
"result.2076",355785,0.75,0.85
"result.2077",355809,NA,NA
"result.2078",355981,0.6,0.75
"result.2079",356028,NA,0.4
"result.2080",356153,0.6,0.8
"result.2081",356175,0.6,0.8
"result.2082",356509,0.8,0.9
"result.2083",356940,0.8,0.9
"result.2084",357025,0.7,0.9
"result.2085",357033,NA,NA
"result.2086",357117,0.75,0.85
"result.2087",357234,0.6,0.8
"result.2088",357536,0.75,0.85
"result.2089",357546,0.8,0.9
"result.2090",357709,0.65,0.75
"result.2091",357791,0.65,0.8
"result.2092",357845,NA,0.85
"result.2093",358275,0.6,0.8
"result.2094",358472,NA,0.4
"result.2095",358515,0.6,0.65
"result.2096",358567,0.85,0.9
"result.2097",358624,0.7,0.85
"result.2098",359233,NA,NA
"result.2099",359353,NA,0.4
"result.2100",359691,0.45,0.8
"result.2101",359983,0.75,0.9
"result.2102",360026,0.55,0.9
"result.2103",360041,0.4,0.45
"result.2104",360344,NA,0.6
"result.2105",360358,NA,0.7
"result.2106",360734,NA,0.75
"result.2107",360741,NA,NA
"result.2108",360756,0.7,0.9
"result.2109",361113,NA,0.65
"result.2110",361256,NA,0.55
"result.2111",361274,NA,0.75
"result.2112",361471,NA,0.65
"result.2113",361598,0.7,0.8
"result.2114",361617,NA,0.7
"result.2115",361936,NA,0.65
"result.2116",362282,0.5,0.55
"result.2117",362290,0.75,0.85
"result.2118",362439,NA,0.8
"result.2119",362451,0.7,0.8
"result.2120",362550,0.6,0.8
"result.2121",362849,0.55,0.85
"result.2122",362877,0.7,0.75
"result.2123",363118,0.65,0.8
"result.2124",363175,NA,0.6
"result.2125",363471,0.5,0.75
"result.2126",363634,0.65,0.8
"result.2127",363677,NA,0.6
"result.2128",363788,0.65,0.8
"result.2129",363835,0.6,0.7
"result.2130",364115,0.7,0.9
"result.2131",364142,0.65,0.8
"result.2132",364192,0.6,0.8
"result.2133",364308,0.8,0.9
"result.2134",364312,0.65,0.8
"result.2135",364595,0.65,0.65
"result.2136",364997,0.75,0.9
"result.2137",366847,0.4,0.5
"result.2138",367895,0.65,0.7
"result.2139",368140,0.85,0.9
"result.2140",368425,0.75,0.9
"result.2141",368533,NA,0.65
"result.2142",368536,NA,NA
"result.2143",368552,0.55,0.55
"result.2144",368621,0.9,0.95
"result.2145",368631,0.65,0.8
"result.2146",368781,0.6,0.75
"result.2147",369195,NA,0.4
"result.2148",369268,0.55,0.75
"result.2149",369269,0.65,0.8
"result.2150",369586,NA,0.9
"result.2151",369713,NA,NA
"result.2152",369805,0.65,0.8
"result.2153",369884,NA,0.9
"result.2154",369974,0.6,0.8
"result.2155",370611,NA,0.6
"result.2156",370648,NA,0.45
"result.2157",370651,NA,0.45
"result.2158",370997,0.45,0.5
"result.2159",371368,0.55,0.55
"result.2160",371499,NA,0.4
"result.2161",371599,0.4,0.4
"result.2162",371618,0.4,0.5
"result.2163",371739,0.5,0.6
"result.2164",371877,NA,NA
"result.2165",372558,0.55,0.6
"result.2166",372571,0.55,0.6
"result.2167",372706,0.55,0.7
"result.2168",373605,0.6,0.7
"result.2169",373823,NA,0.6
"result.2170",373896,0.8,0.9
"result.2171",373940,NA,0.45
"result.2172",374471,0.85,0.9
"result.2173",374657,0.6,0.65
"result.2174",374744,0.7,0.7
"result.2175",374749,0.6,0.65
"result.2176",374770,NA,0.45
"result.2177",374780,0.4,0.65
"result.2178",374902,0.6,0.65
"result.2179",374906,NA,0.45
"result.2180",375086,NA,NA
"result.2181",375088,0.5,0.55
"result.2182",375096,0.55,0.65
"result.2183",375979,0.6,0.7
"result.2184",376104,0.75,0.75
"result.2185",376186,0.8,0.9
"result.2186",376475,0.7,0.75
"result.2187",377251,0.75,0.95
"result.2188",377575,0.45,0.5
"result.2189",377889,0.65,0.85
"result.2190",378331,0.7,0.95
"result.2191",378396,0.55,0.95
"result.2192",378616,0.7,0.7
"result.2193",378842,0.8,0.95
"result.2194",378960,0.8,0.8
"result.2195",378995,0.85,0.9
"result.2196",380243,0.5,0.9
"result.2197",380376,0.85,0.85
"result.2198",380426,0.75,0.75
"result.2199",381033,0.4,0.45
"result.2200",381564,0.4,0.5
"result.2201",382509,0.5,0.55
"result.2202",382514,0.45,0.45
"result.2203",383771,0.4,0.45
"result.2204",384663,0.75,0.95
"result.2205",384723,0.7,0.75
"result.2206",390372,0.45,0.55
"result.2207",390828,NA,NA
"result.2208",390958,0.5,0.65
"result.2209",391560,0.5,0.5
"result.2210",393798,0.45,0.5
"result.2211",394226,NA,0.4
"result.2212",394393,0.55,0.6
"result.2213",394553,0.6,0.7
"result.2214",394554,0.4,0.45
